[{"fields":{"1":{"id":"1","type":"text","label":"Camp Name","description":"","required":"1","size":"large","placeholder":"e.g., Camp Evergreen","limit_count":"1","limit_mode":"characters","default_value":"","input_mask":"","css":""},"2":{"id":"2","type":"file-upload","label":"Upload Logo \/ Images","description":"Upload your camp logo and 4-6 images. First file will be used as logo.","extensions":"jpg,jpeg,png,webp,heic","max_size":"15","max_file_number":"8","required":"1","style":"modern","css":"","camera_format":"photo","camera_aspect_ratio":"original","camera_ratio_width":"4","camera_ratio_height":"3","camera_time_limit_minutes":"1","camera_time_limit_seconds":"30"},"3":{"id":"3","type":"textarea","label":"Brief Description","description":"","required":"1","size":"large","placeholder":"","limit_count":"1","limit_mode":"characters","default_value":"","css":""},"4":{"id":"4","type":"checkbox","label":"Type of Camp","choices":[{"label":"Day Camp","value":"Day Camp","image":"","icon":"face-smile","icon_style":"regular"},{"label":"Sleepaway Camp","value":"Sleepaway Camp","image":"","icon":"face-smile","icon_style":"regular"},{"label":"All Boys Camp","value":"All Boys Camp","image":"","icon":"face-smile","icon_style":"regular"},{"label":"All Girls Camp","value":"All Girls Camp","image":"","icon":"face-smile","icon_style":"regular"},{"label":"Coed Camp","value":"Coed Camp","image":"","icon":"face-smile","icon_style":"regular"},{"label":"Sport Camp","value":"Sport Camp","image":"","icon":"face-smile","icon_style":"regular"},{"label":"Art Camp","value":"Art Camp","image":"","icon":"face-smile","icon_style":"regular"},{"label":"Music Camp","value":"Music Camp","image":"","icon":"face-smile","icon_style":"regular"},{"label":"Language Camp","value":"Language Camp","image":"","icon":"face-smile","icon_style":"regular"}],"choices_images_style":"modern","choices_icons_color":"#0399ed","choices_icons_size":"large","choices_icons_style":"default","description":"","required":"1","input_columns":"","choice_limit":"","dynamic_choices":"","css":""},"5":{"id":"5","type":"select","label":"State","choices":{"50":{"label":"- Please Select -","value":"","image":"","icon":"face-smile","icon_style":"regular"},"0":{"label":"Alabama","value":"Alabama","image":"","icon":"face-smile","icon_style":"regular"},"1":{"label":"Alaska","value":"Alaska","image":"","icon":"face-smile","icon_style":"regular"},"2":{"label":"Arizona","value":"Arizona","image":"","icon":"face-smile","icon_style":"regular"},"3":{"label":"Arkansas","value":"Arkansas","image":"","icon":"face-smile","icon_style":"regular"},"4":{"label":"California","value":"California","image":"","icon":"face-smile","icon_style":"regular"},"5":{"label":"Colorado","value":"Colorado","image":"","icon":"face-smile","icon_style":"regular"},"6":{"label":"Connecticut","value":"Connecticut","image":"","icon":"face-smile","icon_style":"regular"},"7":{"label":"Delaware","value":"Delaware","image":"","icon":"face-smile","icon_style":"regular"},"8":{"label":"Florida","value":"Florida","image":"","icon":"face-smile","icon_style":"regular"},"9":{"label":"Georgia","value":"Georgia","image":"","icon":"face-smile","icon_style":"regular"},"10":{"label":"Hawaii","value":"Hawaii","image":"","icon":"face-smile","icon_style":"regular"},"11":{"label":"Idaho","value":"Idaho","image":"","icon":"face-smile","icon_style":"regular"},"12":{"label":"Illinois","value":"Illinois","image":"","icon":"face-smile","icon_style":"regular"},"13":{"label":"Indiana","value":"Indiana","image":"","icon":"face-smile","icon_style":"regular"},"14":{"label":"Iowa","value":"Iowa","image":"","icon":"face-smile","icon_style":"regular"},"15":{"label":"Kansas","value":"Kansas","image":"","icon":"face-smile","icon_style":"regular"},"16":{"label":"Kentucky","value":"Kentucky","image":"","icon":"face-smile","icon_style":"regular"},"17":{"label":"Louisiana","value":"Louisiana","image":"","icon":"face-smile","icon_style":"regular"},"18":{"label":"Maine","value":"Maine","image":"","icon":"face-smile","icon_style":"regular"},"19":{"label":"Maryland","value":"Maryland","image":"","icon":"face-smile","icon_style":"regular"},"20":{"label":"Massachusetts","value":"Massachusetts","image":"","icon":"face-smile","icon_style":"regular"},"21":{"label":"Michigan","value":"Michigan","image":"","icon":"face-smile","icon_style":"regular"},"22":{"label":"Minnesota","value":"Minnesota","image":"","icon":"face-smile","icon_style":"regular"},"23":{"label":"Mississippi","value":"Mississippi","image":"","icon":"face-smile","icon_style":"regular"},"24":{"label":"Missouri","value":"Missouri","image":"","icon":"face-smile","icon_style":"regular"},"25":{"label":"Montana","value":"Montana","image":"","icon":"face-smile","icon_style":"regular"},"26":{"label":"Nebraska","value":"Nebraska","image":"","icon":"face-smile","icon_style":"regular"},"27":{"label":"Nevada","value":"Nevada","image":"","icon":"face-smile","icon_style":"regular"},"28":{"label":"New Hampshire","value":"New Hampshire","image":"","icon":"face-smile","icon_style":"regular"},"29":{"label":"New Jersey","value":"New Jersey","image":"","icon":"face-smile","icon_style":"regular"},"30":{"label":"New Mexico","value":"New Mexico","image":"","icon":"face-smile","icon_style":"regular"},"31":{"label":"New York","value":"New York","image":"","icon":"face-smile","icon_style":"regular"},"32":{"label":"North Carolina","value":"North Carolina","image":"","icon":"face-smile","icon_style":"regular"},"33":{"label":"North Dakota","value":"North Dakota","image":"","icon":"face-smile","icon_style":"regular"},"34":{"label":"Ohio","value":"Ohio","image":"","icon":"face-smile","icon_style":"regular"},"35":{"label":"Oklahoma","value":"Oklahoma","image":"","icon":"face-smile","icon_style":"regular"},"36":{"label":"Oregon","value":"Oregon","image":"","icon":"face-smile","icon_style":"regular"},"37":{"label":"Pennsylvania","value":"Pennsylvania","image":"","icon":"face-smile","icon_style":"regular"},"38":{"label":"Rhode Island","value":"Rhode Island","image":"","icon":"face-smile","icon_style":"regular"},"39":{"label":"South Carolina","value":"South Carolina","image":"","icon":"face-smile","icon_style":"regular"},"40":{"label":"South Dakota","value":"South Dakota","image":"","icon":"face-smile","icon_style":"regular"},"41":{"label":"Tennessee","value":"Tennessee","image":"","icon":"face-smile","icon_style":"regular"},"42":{"label":"Texas","value":"Texas","image":"","icon":"face-smile","icon_style":"regular"},"43":{"label":"Utah","value":"Utah","image":"","icon":"face-smile","icon_style":"regular"},"44":{"label":"Vermont","value":"Vermont","image":"","icon":"face-smile","icon_style":"regular"},"45":{"label":"Virginia","value":"Virginia","image":"","icon":"face-smile","icon_style":"regular"},"46":{"label":"Washington","value":"Washington","image":"","icon":"face-smile","icon_style":"regular"},"47":{"label":"West Virginia","value":"West Virginia","image":"","icon":"face-smile","icon_style":"regular"},"48":{"label":"Wisconsin","value":"Wisconsin","image":"","icon":"face-smile","icon_style":"regular"},"49":{"label":"Wyoming","value":"Wyoming","image":"","icon":"face-smile","icon_style":"regular"}},"description":"","required":"1","style":"classic","size":"large","placeholder":"","dynamic_choices":"","css":""},"16":{"id":"16","type":"text","label":"Address","description":"","required":"1","size":"large","placeholder":"","limit_count":"1","limit_mode":"characters","default_value":"","input_mask":"","css":""},"6":{"id":"6","type":"text","label":"Closest Major City (optional)","description":"","size":"large","placeholder":"","limit_count":"1","limit_mode":"characters","default_value":"","input_mask":"","css":""},"7":{"id":"7","type":"date-time","label":"Start of Staff Training Date","format":"date","description":"","required":"1","size":"large","date_type":"datepicker","date_format":"m\/d\/Y","date_placeholder":"","date_limit_days_mon":"1","date_limit_days_tue":"1","date_limit_days_wed":"1","date_limit_days_thu":"1","date_limit_days_fri":"1","time_interval":"30","time_format":"g:i A","time_placeholder":"","time_limit_hours_start_hour":"09","time_limit_hours_start_min":"00","time_limit_hours_start_ampm":"am","time_limit_hours_end_hour":"06","time_limit_hours_end_min":"00","time_limit_hours_end_ampm":"pm","css":""},"8":{"id":"8","type":"select","label":"Housing Provided","choices":[{"label":"Yes","value":"Yes","image":"","icon":"face-smile","icon_style":"regular"},{"label":"No","value":"No","image":"","icon":"face-smile","icon_style":"regular"}],"description":"","required":"1","style":"classic","size":"large","placeholder":"--- Select Choice ---","dynamic_choices":"","css":""},"9":{"id":"9","type":"email","label":"Contact Email","description":"","required":"1","confirmation":"1","size":"large","placeholder":"","confirmation_placeholder":"","default_value":false,"filter_type":"","allowlist":"","denylist":"","css":""},"12":{"id":"12","type":"url","label":"Website \/ URL","description":"","required":"1","size":"large","placeholder":"","default_value":"","css":""},"13":{"id":"13","type":"textarea","label":"Social Media Links (optional)","description":"","size":"large","placeholder":"","limit_count":"1","limit_mode":"characters","default_value":"","css":""},"14":{"id":"14","type":"select","label":"Subscription Type","choices":[{"label":"For-Profit Camp (50+ staff) - $950","value":"forprofit_50plus_950","image":"","icon":"face-smile","icon_style":"regular"},{"label":"Nonprofit Camp (50+ staff) - $750","value":"nonprofit_50plus_750","image":"","icon":"face-smile","icon_style":"regular"},{"label":"Camp with fewer than 50 staff - $650","value":"under50_650","image":"","icon":"face-smile","icon_style":"regular"}],"description":"","required":"1","style":"classic","size":"large","placeholder":"","dynamic_choices":"","css":""}},"id":"1917","field_id":17,"search_terms":"","settings":{"themes":{"wpformsTheme":"default","isCustomTheme":"","themeName":"","fieldSize":"medium","fieldBorderStyle":"solid","fieldBorderSize":"1","fieldBorderRadius":"3","fieldBackgroundColor":"#ffffff","fieldBorderColor":"rgba(0, 0, 0, 0.25)","fieldTextColor":"rgba(0, 0, 0, 0.7)","labelSize":"medium","labelColor":"rgba(0, 0, 0, 0.85)","labelSublabelColor":"rgba(0, 0, 0, 0.55)","labelErrorColor":"#d63637","buttonSize":"medium","buttonBorderStyle":"none","buttonBorderSize":"1","buttonBorderRadius":"3","buttonBackgroundColor":"#066aab","buttonBorderColor":"#066aab","buttonTextColor":"#ffffff","containerPadding":"0","containerBorderStyle":"none","containerBorderWidth":"1","containerBorderRadius":"3","containerBorderColor":"#000000","containerShadowSize":"none","backgroundColor":"rgba(0, 0, 0, 0)","backgroundImage":"none","backgroundSize":"cover","backgroundUrl":"url()","fieldMenuColor":"#ffffff","pageBreakColor":"#066aab","customCss":"","copyPasteJsonValue":"{\"themeName\":\"\",\"isCustomTheme\":\"\",\"wpformsTheme\":\"default\",\"customCss\":\"\",\"containerPadding\":\"0\",\"containerBorderStyle\":\"none\",\"containerBorderWidth\":\"1\",\"containerBorderRadius\":\"3\",\"containerShadowSize\":\"none\",\"containerBorderColor\":\"#000000\",\"fieldSize\":\"medium\",\"fieldBorderStyle\":\"solid\",\"fieldBorderRadius\":\"3\",\"fieldBorderSize\":\"1\",\"fieldBackgroundColor\":\"#ffffff\",\"fieldBorderColor\":\"rgba(0, 0, 0, 0.25)\",\"fieldTextColor\":\"rgba(0, 0, 0, 0.7)\",\"fieldMenuColor\":\"#ffffff\",\"pageBreakColor\":\"#066aab\",\"labelSize\":\"medium\",\"labelColor\":\"rgba(0, 0, 0, 0.85)\",\"labelSublabelColor\":\"rgba(0, 0, 0, 0.55)\",\"labelErrorColor\":\"#d63637\",\"buttonSize\":\"medium\",\"buttonBorderStyle\":\"none\",\"buttonBorderSize\":\"1\",\"buttonBorderRadius\":\"3\",\"buttonBackgroundColor\":\"#066aab\",\"buttonBorderColor\":\"#066aab\",\"buttonTextColor\":\"#ffffff\",\"backgroundColor\":\"rgba(0, 0, 0, 0)\",\"backgroundPosition\":\"center center\",\"backgroundUrl\":\"url()\",\"backgroundRepeat\":\"no-repeat\",\"backgroundSize\":\"cover\",\"backgroundSizeMode\":\"cover\",\"backgroundWidth\":\"100\",\"backgroundHeight\":\"100\",\"backgroundImage\":\"none\"}"},"form_title":"OSO Employer Registration","form_desc":"","submit_text":"Create Employer Profile","submit_text_processing":"","form_class":"","submit_class":"","ajax_submit":"1","notifications":{"1":{"enable":"1","notification_name":"Default Notification","email":"{admin_email}","subject":"New Entry: OSO Employer Registration","sender_name":"OSO Job Portal","sender_address":"{admin_email}","replyto":"","message":"{all_fields}","template":"","file_upload_attachment_fields":[],"entry_csv_attachment_entry_information":[],"entry_csv_attachment_file_name":"entry-details"}},"confirmations":{"1":{"name":"Default","type":"message","message":"Thanks! Your employer account was created. Please set your password here:\r\n\r\nSet\/Change Password [oso_employer_password_link email=\"{field_id=\"9\"}\"]\r\n\r\nLogin anytime: <a href=\"https:\/\/your-site.com\/wp-login.php?redirect_to=%2Femployer-profile%2F\">Login<\/a>","message_scroll":"1","page":"previous_page","page_url_parameters":"","redirect":"","message_entry_preview_style":"basic"}},"honeypot":"1","anti_spam":{"time_limit":{"duration":"2"},"filtering_store_spam":"1","country_filter":{"action":"allow","country_codes":[],"message":"Sorry, this form does not accept submissions from your country."},"keyword_filter":{"message":"Sorry, your message can't be submitted because it contains prohibited words."}},"form_tags":[],"store_spam_entries":"0"},"providers":{"constant-contact-v3":[]},"meta":{"template":"blank"}}]